{"cluster_0": [-0.48893038365948716, -0.3123040572425493, -0.3862672231184948, -0.4567525090975768], "cluster_1": [3.390586349648205, 2.827458171115668, 2.7894236136570765, 3.191399879611737], "cluster_2": [0.9600119801952032, 0.48245779526420757, 0.736545359237627, 0.8920971626130203]}