{"cluster_0": [-0.08811929837521137, 0.22012539571137388, 1.5346775349708761, 0.5399669682581976, -0.5677644427829149, -0.48155760672384795], "cluster_1": [-0.15710969576476586, -0.10311580485423172, -0.2758842343217577, -0.19539578448721284, 1.5220750635836757, 1.2351220800007032], "cluster_2": [6.02944818899719, 0.0029378487163084703, -0.15368591241699006, -0.08889547741956515, -0.605295013694621, -0.558592827401667], "cluster_3": [-0.03465537276007376, 0.5931555510988722, 1.8664731550095073, 3.8940698085339207, -0.22878580761920755, -0.39553733322537843], "cluster_4": [-0.11369094173124289, -0.2186942856501589, -0.4580964518825118, -0.3525604940937958, -0.12046521271936263, -0.07914712962762584], "cluster_5": [0.11879897647264073, 5.3104049346543265, 0.7758353484091636, 0.45497476791871727, -0.40241200435262314, -0.2631233224612972]}